{
  "quantiles": {
    "pe_p20": 27.167740000000002,
    "pe_p50": 29.0461,
    "pe_p80": 30.151260000000004,
    "pb_p20": 4.62476,
    "pb_p50": 5.759,
    "pb_p80": 5.9781,
    "ps_p20": 14.30068,
    "ps_p50": 16.923,
    "ps_p80": 17.56686,
    "price_pe_p20": 115.91195167991565,
    "price_pe_p50": 123.92602916878612,
    "price_pe_p80": 128.6412264033951,
    "eps_ttm": 4.266529040690011
  },
  "dcf": {
    "bear": 53.221026678753205,
    "base": 67.89499271218195,
    "bull": 93.5243200421591,
    "fcf_ps": 3.4660873924485407,
    "shares_yi": 3.0259206100426423,
    "implied_g_5y": 0.21182321350384548
  },
  "tech": {
    "rows": 312,
    "last_date": "20260420",
    "last_close": 114.91,
    "ma20": 116.8215,
    "ma60": 134.45916666666665,
    "high_1y": 209.0,
    "low_1y": 112.3,
    "drawdown_from_high": -45.01913875598086,
    "rebound_from_low": 2.324131789848627
  }
}