{
  "quantiles": {
    "pe_p20": 19.3216,
    "pe_p50": 20.0305,
    "pe_p80": 20.495359999999998,
    "pb_p20": 7.59512,
    "pb_p50": 7.8653,
    "pb_p80": 8.0771,
    "ps_p20": 9.74076,
    "ps_p50": 10.0981,
    "ps_p80": 10.332500000000001,
    "price_pe_p20": 1270.1349415733268,
    "price_pe_p50": 1316.7355678196693,
    "price_pe_p80": 1347.2938512402854,
    "eps_ttm": 65.73653018245523
  },
  "dcf": {
    "bear": 580.0864905529702,
    "base": 687.6974418291301,
    "bull": 811.6198791681012,
    "fcf_ps": 36.6073998892651,
    "shares_yi": 12.522702149997517,
    "implied_g_5y": 0.25177134333604123
  },
  "tech": {
    "rows": 47,
    "last_date": "20260420",
    "last_close": 1410.89,
    "ma20": 1442.0095000000001,
    "ma60": null,
    "high_1y": 1555.0,
    "low_1y": 1323.69,
    "drawdown_from_high": -9.26752411575562,
    "rebound_from_low": 6.587645143500365
  }
}