{
  "quantiles": {
    "pe_p20": 18.2258,
    "pe_p50": 18.41535,
    "pe_p80": 18.6619,
    "pb_p20": 2.6929,
    "pb_p50": 2.7314,
    "pb_p80": 2.7712,
    "ps_p20": 2.5926,
    "ps_p50": 2.6112,
    "ps_p80": 2.6496,
    "price_pe_p20": 61.297533632287,
    "price_pe_p50": 61.935033632287,
    "price_pe_p80": 62.76423766816144,
    "eps_ttm": 3.36322869955157
  },
  "dcf": {
    "bear": 21.15973054829962,
    "base": 25.905901410946708,
    "bull": 33.82440055154822,
    "fcf_ps": 1.7316729721231738,
    "shares_yi": 13.641951210008068,
    "implied_g_5y": 0.24864341634774478
  },
  "tech": {
    "rows": 311,
    "last_date": "20260417",
    "last_close": 61.95,
    "ma20": 62.45,
    "ma60": 62.320166666666665,
    "high_1y": 81.9,
    "low_1y": 60.0,
    "drawdown_from_high": -24.35897435897436,
    "rebound_from_low": 3.2499999999999973
  }
}