{
  "quantiles": {
    "pe_p20": 22.9513,
    "pe_p50": 24.68,
    "pe_p80": 25.5755,
    "pb_p20": 2.9483,
    "pb_p50": 3.1724,
    "pb_p80": 3.2875,
    "ps_p20": 2.1189,
    "ps_p50": 2.28485,
    "ps_p80": 2.3677,
    "price_pe_p20": 40.83992803565994,
    "price_pe_p50": 43.91600580011099,
    "price_pe_p80": 45.50947351461664,
    "eps_ttm": 1.7794167666171388
  },
  "dcf": {
    "bear": 6.284434424581048,
    "base": 7.954287276373277,
    "bull": 10.258484114458899,
    "fcf_ps": 0.5237028687150872,
    "shares_yi": 8.67928671001006,
    "implied_g_5y": 0.4899972012240613
  },
  "tech": {
    "rows": 311,
    "last_date": "20260417",
    "last_close": 39.76,
    "ma20": 40.397000000000006,
    "ma60": 42.215333333333334,
    "high_1y": 46.0,
    "low_1y": 31.91,
    "drawdown_from_high": -13.565217391304351,
    "rebound_from_low": 24.6004387339392
  }
}