业务,2025收入(亿元),2025毛利(亿元),2025毛利率,2025收入增速,2026E收入_low(亿元),2026E毛利率_low,2026E归母利润估算_low(亿元),估值倍数_lowx,业务估值_low(亿元),2026E收入_base(亿元),2026E毛利率_base,2026E归母利润估算_base(亿元),估值倍数_basex,业务估值_base(亿元),2026E收入_high(亿元),2026E毛利率_high,2026E归母利润估算_high(亿元),估值倍数_highx,业务估值_high(亿元)
储能系统,372.8658,136.0447,0.3649,0.4939,439.98164399999996,0.29,56.141657774399995,22,1235.1164710367998,477.268224,0.315,66.1493758464,26,1719.8837720064002,514.5548039999999,0.335,75.84537810959999,30,2275.3613432879997
光伏逆变器等电力电子转换设备,311.3623,107.9312,0.3466,0.069,320.703169,0.35,52.7556713005,18,949.602083409,336.27128400000004,0.365,57.6873387702,21,1211.4341141742,351.83939899999996,0.385,63.665339249049985,24,1527.9681419771996
新能源投资开发,165.5941,24.0096,0.145,-0.2116,132.47528,0.11,5.828912320000001,8,46.631298560000005,152.346572,0.135,8.226714888000002,10,82.26714888000002,173.873805,0.155,10.78017591,12,129.36211092000002
光伏电站发电,13.0951,6.9301,0.5292,0.1497,13.0951,0.48,3.142824,12,37.713888,13.880806000000002,0.52,3.6090095600000005,14,50.52613384000001,14.404610000000002,0.55,3.9612677500000006,16,63.38028400000001
其他/AIDC期权,28.9264,8.9733,0.3102,0.776,33.26536,0.24,3.353148288,12,40.237779456,39.05064,0.29,4.756367952,18,85.61462313599999,46.28224,0.32,6.220333056,25,155.50832640000002
