{
  "quantiles": {
    "pe_p20": 34.91766,
    "pe_p50": 37.1489,
    "pe_p80": 40.0387,
    "pb_p20": 5.26372,
    "pb_p50": 5.6029,
    "pb_p80": 6.03918,
    "ps_p20": 4.1791599999999995,
    "ps_p50": 4.4485,
    "ps_p80": 4.79456,
    "price_pe_p20": 61.13948388864158,
    "price_pe_p50": 65.04629958109327,
    "price_pe_p80": 70.10622858382129,
    "eps_ttm": 1.750961659190266
  },
  "dcf": {
    "bear": 25.229484220856783,
    "base": 31.187656441306736,
    "bull": 38.28516829981151,
    "fcf_ps": 1.5921519168501848,
    "shares_yi": 27.074454789928293,
    "implied_g_5y": 0.2517568476602138,
    "fcf_proxy_end_date": "20241231"
  },
  "tech": {
    "rows": 53,
    "last_date": "20260428",
    "last_close": 61.36,
    "ma20": 66.41349999999998,
    "ma60": null,
    "high_1y": 80.85,
    "low_1y": 61.36,
    "drawdown_from_high": -24.106369820655527,
    "rebound_from_low": 0.0
  }
}