{
  "ts_code": "603288.SH",
  "trade_date": "20260417",
  "report_date": "20251231",
  "latest_price": 39.94,
  "latest_total_mv_yi": 2337.22,
  "latest_metrics": {
    "pe_ttm": 33.21,
    "pb": 5.91,
    "ps_ttm": 8.09,
    "dv_ttm": 3.55
  },
  "historical_quantiles": {
    "pe_ttm": {
      "current": 33.2064,
      "p10": 32.8283,
      "p50": 41.6928,
      "p90": 74.9749,
      "percentile": 13.12,
      "n": 1250
    },
    "pb": {
      "current": 5.9057,
      "p10": 5.9649,
      "p50": 8.9764,
      "p90": 24.6452,
      "percentile": 8.4,
      "n": 1250
    },
    "ps_ttm": {
      "current": 8.0947,
      "p10": 7.7448,
      "p50": 9.8052,
      "p90": 20.8079,
      "percentile": 18.88,
      "n": 1250
    },
    "dv_ttm": {
      "current": 3.5494,
      "p10": 0.6772,
      "p50": 1.4184,
      "p90": 2.8801,
      "percentile": 97.53,
      "n": 1213
    }
  },
  "annual_top5": [
    {
      "ts_code": "603288.SH",
      "ann_date": "20260327",
      "end_date": "20251231",
      "report_type": "1",
      "total_revenue": 28873380466.76,
      "n_income_attr_p": 7038465194.15,
      "n_cashflow_act": 7745950953.79,
      "free_cashflow": 6896704270.104,
      "roe": 19.4904,
      "roic": 17.5965,
      "grossprofit_margin": 40.2229,
      "netprofit_margin": 24.4012,
      "current_ratio": 3.8549,
      "quick_ratio": 3.6105,
      "debt_to_assets": 19.8227,
      "ocf_to_profit": 89.4007,
      "money_cap": 24603677724.73,
      "st_borr": 140850000.0,
      "lt_borr": NaN,
      "bond_payable": null,
      "total_assets": 52183944926.12,
      "total_liab": 10344267800.4,
      "total_hldr_eqy_exc_min_int": 41329564456.48,
      "total_revenue_yoy": 7.33208653416233,
      "n_income_attr_p_yoy": 10.944600226143454,
      "n_cashflow_act_yoy": 13.18349184540548,
      "free_cashflow_yoy": -38.52590570383608,
      "interest_debt": 140850000.0,
      "net_cash": 24462827724.73,
      "cfo_np": 110.05170502552211
    },
    {
      "ts_code": "603288.SH",
      "ann_date": "20250403",
      "end_date": "20241231",
      "report_type": "1",
      "total_revenue": 26900977516.7,
      "n_income_attr_p": 6344125969.0,
      "n_cashflow_act": 6843710887.07,
      "free_cashflow": 11218879023.8661,
      "roe": 21.3513,
      "roic": 19.3419,
      "grossprofit_margin": 36.9974,
      "netprofit_margin": 23.6269,
      "current_ratio": 3.6549,
      "quick_ratio": 3.3739,
      "debt_to_assets": 23.1445,
      "ocf_to_profit": 91.1695,
      "money_cap": 22114735922.46,
      "st_borr": 293464953.68,
      "lt_borr": 33200000.0,
      "bond_payable": null,
      "total_assets": 40858435135.91,
      "total_liab": 9456491552.41,
      "total_hldr_eqy_exc_min_int": 30895407856.81,
      "total_revenue_yoy": 9.534734222644726,
      "n_income_attr_p_yoy": 12.751867021232744,
      "n_cashflow_act_yoy": -6.959820562820229,
      "free_cashflow_yoy": 109.18419158596295,
      "interest_debt": 326664953.68,
      "net_cash": 21788070968.78,
      "cfo_np": 107.87476352946295
    },
    {
      "ts_code": "603288.SH",
      "ann_date": "20240427",
      "end_date": "20231231",
      "report_type": "1",
      "total_revenue": 24559312356.59,
      "n_income_attr_p": 5626626091.97,
      "n_cashflow_act": 7355650997.74,
      "free_cashflow": 5363158152.0613,
      "roe": 20.4872,
      "roic": 18.1562,
      "grossprofit_margin": 34.7354,
      "netprofit_margin": 22.9737,
      "current_ratio": 3.4438,
      "quick_ratio": 3.1507,
      "debt_to_assets": 24.4396,
      "ocf_to_profit": 109.0568,
      "money_cap": 21689385461.71,
      "st_borr": 362645734.42,
      "lt_borr": 70270400.0,
      "bond_payable": null,
      "total_assets": 38423518405.62,
      "total_liab": 9390542813.5,
      "total_hldr_eqy_exc_min_int": 28530612036.85,
      "total_revenue_yoy": -4.101341187421193,
      "n_income_attr_p_yoy": -9.214535884591236,
      "n_cashflow_act_yoy": 92.03779063324886,
      "free_cashflow_yoy": 425.8733611040834,
      "interest_debt": 432916134.42,
      "net_cash": 21256469327.29,
      "cfo_np": 130.72933721751238
    },
    {
      "ts_code": "603288.SH",
      "ann_date": "20230426",
      "end_date": "20221231",
      "report_type": "1",
      "total_revenue": 25609651543.29,
      "n_income_attr_p": 6197716943.78,
      "n_cashflow_act": 3830314321.72,
      "free_cashflow": 1019857355.1627,
      "roe": 24.8908,
      "roic": 21.965,
      "grossprofit_margin": 35.6812,
      "netprofit_margin": 24.222,
      "current_ratio": 4.0144,
      "quick_ratio": 3.6584,
      "debt_to_assets": 21.0654,
      "ocf_to_profit": 52.097,
      "money_cap": 18223307402.03,
      "st_borr": 131720077.32,
      "lt_borr": 93653455.89,
      "bond_payable": null,
      "total_assets": 34059175850.3,
      "total_liab": 7174696439.08,
      "total_hldr_eqy_exc_min_int": 26397676525.41,
      "total_revenue_yoy": 2.422091456959996,
      "n_income_attr_p_yoy": -7.091261312304054,
      "n_cashflow_act_yoy": -39.42738987925068,
      "free_cashflow_yoy": -81.80510386105514,
      "interest_debt": 225373533.20999998,
      "net_cash": 17997933868.82,
      "cfo_np": 61.802020912944165
    },
    {
      "ts_code": "603288.SH",
      "ann_date": "20220325",
      "end_date": "20211231",
      "report_type": "1",
      "total_revenue": 25004031043.49,
      "n_income_attr_p": 6670757811.72,
      "n_cashflow_act": 6323508784.06,
      "free_cashflow": 5605183714.0184,
      "roe": 30.6914,
      "roic": 28.0499,
      "grossprofit_margin": 38.6625,
      "netprofit_margin": 26.6816,
      "current_ratio": 2.9102,
      "quick_ratio": 2.6752,
      "debt_to_assets": 29.5097,
      "ocf_to_profit": 80.8589,
      "money_cap": 19813767427.18,
      "st_borr": 104600000.0,
      "lt_borr": NaN,
      "bond_payable": null,
      "total_assets": 33337724549.58,
      "total_liab": 9837875983.2,
      "total_hldr_eqy_exc_min_int": 23401517470.83,
      "total_revenue_yoy": 9.705902696567282,
      "n_income_attr_p_yoy": 4.184033699760548,
      "n_cashflow_act_yoy": -9.0199174607969,
      "free_cashflow_yoy": -9.696246396586783,
      "interest_debt": 104600000.0,
      "net_cash": 19709167427.18,
      "cfo_np": 94.79445907854861
    }
  ],
  "growth": {
    "rev_cagr_5y": 4.23,
    "np_cagr_5y": -0.23
  },
  "dcf": {
    "assumptions": {
      "bear": {
        "g10": 0.04,
        "wacc": 0.095,
        "gt": 0.02
      },
      "base": {
        "g10": 0.07,
        "wacc": 0.085,
        "gt": 0.025
      },
      "bull": {
        "g10": 0.1,
        "wacc": 0.08,
        "gt": 0.03
      }
    },
    "per_share": {
      "bear": 22.73,
      "base": 32.62,
      "bull": 46.4
    },
    "range": [
      22.73,
      46.4
    ]
  },
  "reverse_dcf": {
    "wacc": 0.085,
    "terminal_g": 0.025,
    "implied_10y_fcf_cagr": 9.98
  },
  "peer_table": [
    {
      "ts_code": "603288.SH",
      "name": "海天味业",
      "industry": "食品",
      "close": 39.94,
      "pe_ttm": 33.2064,
      "pb": 5.9057,
      "ps_ttm": 8.0947,
      "dv_ttm": 3.5494,
      "total_mv": 23372188.8263
    },
    {
      "ts_code": "603027.SH",
      "name": "千禾味业",
      "industry": "食品",
      "close": 9.47,
      "pe_ttm": 29.897,
      "pb": 3.8264,
      "ps_ttm": 4.5542,
      "dv_ttm": 4.8737,
      "total_mv": 1262469.7652
    },
    {
      "ts_code": "600809.SH",
      "name": "山西汾酒",
      "industry": "白酒",
      "close": 139.5,
      "pe_ttm": 13.8391,
      "pb": 4.3885,
      "ps_ttm": 4.5289,
      "dv_ttm": 2.5806,
      "total_mv": 17018500.8969
    },
    {
      "ts_code": "002507.SZ",
      "name": "涪陵榨菜",
      "industry": "食品",
      "close": 12.3,
      "pe_ttm": 18.4799,
      "pb": 1.622,
      "ps_ttm": 5.8362,
      "dv_ttm": 5.0407,
      "total_mv": 1419320.4044
    },
    {
      "ts_code": "000858.SZ",
      "name": "五粮液",
      "industry": "白酒",
      "close": 101.86,
      "pe_ttm": 13.9054,
      "pb": 2.9843,
      "ps_ttm": 4.8097,