{
  "quantiles": {
    "pe_p20": 29.57076,
    "pe_p50": 34.8914,
    "pe_p80": 37.5314,
    "pb_p20": 3.6602799999999998,
    "pb_p50": 4.535,
    "pb_p80": 5.0769400000000005,
    "ps_p20": 4.14578,
    "ps_p50": 5.072,
    "ps_p80": 5.4557400000000005,
    "price_pe_p20": 94.85477935537716,
    "price_pe_p50": 111.9219136877174,
    "price_pe_p80": 120.39029994150985,
    "eps_ttm": 3.2077220658304744
  },
  "dcf": {
    "bear": 17.500117781291685,
    "base": 22.343445876860052,
    "bull": 30.380434274879114,
    "fcf_ps": 1.3373812452835814,
    "shares_yi": 12.611478830027723,
    "implied_g_5y": 0.4466000295521325
  },
  "tech": {
    "rows": 312,
    "last_date": "20260420",
    "last_close": 93.78,
    "ma20": 95.6495,
    "ma60": 110.75066666666666,
    "high_1y": 161.96,
    "low_1y": 89.61,
    "drawdown_from_high": -42.09681402815511,
    "rebound_from_low": 4.653498493471719
  }
}